Регион;Выручка;Абсолютная маржа;Маржа;Кол-во чеков;Кол-во товаров;Кол-во уникальных клиентов;Средний чек;Среднее кол-во товаров в чеке;Ценность клиента
Москва;150023398;24788899;0.16523355243560076;48591;212704;36645;3524;4;676
Самара;5578011;956642;0.17150235092759766;1952;6237;1444;3180;3;662
Сочи;3667697;773834;0.2109863491995113;899;3331;623;4618;4;1242
Коломна (Московская область район);1736013;366225;0.21095752163146245;560;1872;390;3473;3;939
Новомосковск;1547180;324566;0.20977908194263112;562;1955;383;3172;3;847
Санкт-Петербург;23817813;4127469;0.17329336660758904;8602;27843;7061;3097;3;585
Волгоград;3403938;679816;0.1997145658939734;965;3066;743;4163;3;915
Белгород;2676936;512551;0.1914692768149855;834;2573;617;3666;3;831
Нижний Новгород;10163587;1849728;0.18199558876211716;3610;11623;2635;3091;3;702
Воронеж;6701749;1344092;0.20055839154823613;2101;6039;1572;3533;3;855
Екатеринбург;7459548;1297125;0.17388788167862182;2178;6885;1758;3849;3;738
Ростов-на-Дону;6170805;1286865;0.20854086298303057;1728;5234;1295;4063;3;994
Чита;1995993;442240;0.22156390328022194;582;1897;382;3609;3;1158
Архангельск;1477882;321376;0.21745714475174607;348;1142;289;4510;3;1112
Дзержинский (Московская область район);318618;56792;0.17824479470714147;90;300;71;3972;3;800
Дубна (Московская область район);1011058;180744;0.17876719238658909;354;1285;265;3510;4;682
Жуковский (Московская область район);2865464;478720;0.16706543861657308;1053;4055;665;3132;4;720
Иваново;2021842;351018;0.17361297272487167;463;1349;387;4515;3;907
Ижевск;1969120;344042;0.1747186560494028;665;1666;509;3327;3;676
Клин (Клинский район);1281600;303814;0.2370583645443196;389;1243;278;3844;3;1093
Колпино;768103;144571;0.18821824677159182;314;1079;228;2782;3;634
Королев (Московская область район);1354933;204034;0.15058604373795606;518;2077;368;2961;4;554
Красногорск (Красногорский район);2313763;428308;0.1851131684619384;606;3261;493;4503;5;869
Курск;2251138;460918;0.20474888700737137;788;2063;577;3236;3;799
Люберцы (Люберецкий район);4392674;661146;0.15051105545278343;1420;6580;890;3741;5;743
Мытищи (Мытищинский район);2497904;419486;0.167935196869055;984;3798;760;2948;4;552
Орёл;1946475;381748;0.1961227346870625;618;1985;468;3868;3;816
Оренбург;2028180;439257;0.21657693104162354;527;1833;413;4427;3;1064
Орехово-Зуево (Московская область район);1548435;326064;0.21057648528998635;547;1673;420;3214;3;776
Орск;1035671;222003;0.21435668276894881;293;856;221;4129;3;1005
Павловский Посад (Павлово-Посадский район);1435862;260167;0.18119220370759864;463;1780;285;3826;4;913
Подольск (Московская область район);3666206;691391;0.1885848749361056;1376;5030;974;2973;4;710
Реутов (Московская область район);1805033;299646;0.16600582925630722;642;2453;501;3076;4;598
Рязань;3835033;774699;0.20200582367870107;1329;3959;958;3187;3;809
Саратов;4636128;966255;0.20841853374195018;1286;3682;938;4085;3;1030
Сергиев Посад (Сергиево-Посадский район);1683098;341544;0.20292579517057235;602;2179;434;3064;4;787
Смоленск;2818120;580523;0.20599655089208407;936;2607;661;3378;3;878
Сургут;4243426;971640;0.2289753609465559;810;2919;583;5875;4;1667
Таганрог;912970;172586;0.1890379749608421;322;1041;248;3321;3;696
Тула;4605397;914072;0.19847843736381468;1527;5190;1109;3385;3;824
Ульяновск;2568394;506961;0.19738443556557134;966;2648;694;3059;3;730
Уфа;2363977;425058;0.17980631791256851;709;2452;566;3638;3;751
Благовещенск;1943863;305723;0.157276001446604;515;2804;306;4052;5;999
Томск;2343687;428042;0.18263616259338383;758;2210;561;3538;3;763
Внуково (Волоколамский район);234574;43880;0.18706250479592793;78;302;64;3823;4;686
Красноярск;3506135;754048;0.21506530695480922;891;3559;653;4060;4;1155
Петрозаводск;1276966;273913;0.21450297032184099;353;1067;263;3862;3;1041
Иркутск;3756948;745576;0.1984525737380448;910;3168;627;4496;3;1189
Кемерово;1601206;313858;0.19601350482074137;493;1482;360;3763;3;872
Краснокаменск;372269;56838;0.15267991694178135;185;770;91;2163;4;625
Омск;4994583;1019102;0.2040414585161564;1394;3829;1036;3998;3;984
Краснодар;6244009;1268580;0.20316754828508415;1586;5588;1210;4304;4;1048
Челябинск;4123561;747875;0.18136629966186993;1412;4182;1086;3356;3;689
Новосибирск;4577713;889032;0.19420876756581287;1360;4148;1088;3845;3;817
Раменское (Раменский район);350551;57567;0.16421861583621214;113;526;85;3622;5;677
Калуга;5433238;1352076;0.24885270993098407;1345;3789;998;4338;3;1355
Пермь;4154287;726867;0.1749679307183158;1495;4702;1191;3077;3;610
Тюмень;4589933;984060;0.21439528637999727;1269;3269;959;4032;3;1026
Ногинск (Ногинский район);1229836;259662;0.21113546846896658;465;1814;325;3087;4;799
Пенза;2229678;450536;0.20206325756454518;713;1927;525;3578;3;858
Щелково (Щелковский район);254489;54162;0.21282648758885453;83;292;71;3345;4;763
Белоозерский (Воскресенский район);28916;5154;0.17824042052842717;8;18;5;3914;2;1031
Железнодорожный (Московская область район);1961009;383991;0.1958129717915624;637;2562;488;3559;4;787
Казань;4368610;705015;0.16138199564621242;1549;4180;1177;3188;3;599
Барнаул;1740586;239744;0.13773752058214878;549;1719;407;3668;3;589
Нижневартовск;1752788;385970;0.22020347012873207;442;1501;331;4388;3;1166
Ярославль;3177823;639371;0.20119780113618663;935;2565;717;3843;3;892
Киров;2513864;552975;0.21997013362695833;679;1664;527;4249;2;1049
Брянск;2459714;474252;0.1928077817177119;773;2358;576;3653;3;823
Марусино (Люберецкий район);31483;3923;0.12460693072451799;4;8;4;8261;2;981
Ханты-Мансийск;92522;23522;0.2542314260392123;11;67;10;7277;6;2352
Одинцово (Одинцовский район);1306486;301798;0.23099979640042068;295;1618;221;5781;5;1366
Хабаровск;202748;18039;0.08897251760806518;15;183;15;16246;12;1203
Астрахань;2109392;401726;0.19044634662499904;687;1950;500;3433;3;803
Стерлитамак;1058593;193797;0.18307035848527242;297;971;201;4547;3;964
Электросталь (Московская область район);1534185;285791;0.18628196729859828;640;1959;456;2783;3;627
Йошкар-Ола;1096795;191375;0.17448566049261713;367;948;272;3417;3;704
Путилково (Красногорский район);512267;82810;0.1616539812246348;202;929;166;3069;5;499
Ставрополь;2441248;510575;0.2091450766165502;612;1882;463;4470;3;1103
Тамбов;2481068;560246;0.22580840186564818;610;1557;484;4415;3;1158
Улан-Удэ;948583;202461;0.21343519755255996;272;889;209;3831;3;969
Электросталь;244287;73051;0.2990376074044055;23;25;23;11604;1;3176
Видное (Ленинский район);948732;192533;0.20293718352495752;256;1413;195;4270;6;987
Химки;224746;35054;0.15597163019586555;51;524;38;4628;10;922
Лобня (Московская область район);258826;52761;0.20384737236599104;83;483;65;3698;6;812
Симферополь;270144;47040;0.17412935323383086;61;403;55;5691;7;855
Звенигород (Московская область район);119574;18242;0.1525582484486594;33;130;25;4090;4;730
Электроугли (Ногинский район);57946;9838;0.16977875953473923;22;81;17;2884;4;579
Химки (Московская область район);1990517;336130;0.16886567660562557;524;2810;405;4341;5;830
Владимир;1310532;303946;0.23192566072404183;401;1137;312;3597;3;974
Балашиха (Балашихинский район);2694780;470478;0.1745886491661657;917;4064;682;3450;4;690
Михнево (Домодедовский район);13160;3340;0.25379939209726443;6;41;3;2567;7;1113
Набережные Челны;1534861;276716;0.1802873354655568;490;1546;361;3698;3;767
Старый Оскол;1093532;227703;0.2082271026362283;346;1034;267;3536;3;853
Домодедово (Домодедовский район);342939;74852;0.2182662222727657;92;448;80;4200;5;936
Липецк;2229937;475343;0.2131643180950852;742;2016;566;3387;3;840
Реутов;96825;14385;0.14856700232378;16;50;8;6167;3;1798
Жуковский;847268;255978;0.30212164273877923;70;96;66;13686;1;3878
Красногорск;261992;78648;0.3001923722861767;37;37;37;9016;1;2126
Рошаль (Московская область район);17540;2531;0.1442987457240593;6;42;4;3223;7;633
Воскресенск (Воскресенский район);57362;9822;0.17122833931871273;28;79;24;2349;3;409
Переславль-Залесский;9321;82;0.008797339341272395;10;48;1;1574;5;82
Старый;880291;247888;0.28159778982177486;87;108;84;10685;1;2951
Ногинск;238067;79302;0.3331079065977225;29;30;24;8209;1;3304
Батайск;3300;527;0.1596969696969697;2;2;2;2375;1;264
Клин;99888;25925;0.259540685567836;10;11;8;11414;1;3241
Коломна;166120;49215;0.2962617385022875;18;21;17;9826;1;2895
Орехово-Зуево;489596;158369;0.32346873748968535;48;56;47;12041;1;3370
Пушкин;13107;1685;0.12855725947966734;4;12;4;3827;3;421
Волжский;1391114;303838;0.21841344418933314;431;1610;285;3585;4;1066
Томилино (Люберецкий район);83095;14813;0.17826584030326734;31;161;21;3305;5;705
Одинцово-1 (Одинцовский район);119370;19390;0.16243612297897295;8;32;2;15227;4;9695
Ивантеевка (Московская область район);90143;19691;0.2184418091255006;30;69;28;4130;2;703
Волоколамск (Волоколамский район);14021;3086;0.2200984237928821;4;19;3;4355;5;1029
Тольятти;1434497;219018;0.15267930152520362;527;1493;406;2999;3;539
Щербинка (Московская область район);362889;61878;0.1705149508527401;143;634;120;2917;4;516
Набережные;120911;33008;0.27299418580608875;16;16;13;10842;1;2539
Южно-Сахалинск;51985;15870;0.30528036933730884;10;64;9;6768;6;1763
Псков;62925;13484;0.21428684942391737;14;75;13;5118;5;1037
Орел;434331;137794;0.317255733530418;46;49;46;11858;1;2996
Анапа;123850;19210;0.15510698425514735;22;94;21;6217;4;915
Геленджик;39687;5549;0.13981908433492077;12;30;10;3932;2;555
Котельники (Люберецкий район);451990;84641;0.18726299254408282;155;773;122;3360;5;694
Протвино (Московская область район);463;127;0.27429805615550756;1;2;1;913;2;127
Нижний;573708;165095;0.2877683420834292;47;57;46;12842;1;3589
Кратово (Раменский район);3443;749;0.21754284054603543;1;2;1;3492;2;749
Лосино-Петровский (Щелковский район);76763;12935;0.16850566027904068;29;210;17;2839;7;761
Волгодонск;17574;4791;0.2726186411744623;4;7;4;4981;2;1198
Подольск;127270;32784;0.2575940913019565;17;29;16;7519;2;2049
Новинки (Истринский район);44962;4700;0.10453271651616922;2;38;1;22580;19;4700
Троицк (ГП Москва);114255;20047;0.17545840444619493;50;156;38;2464;3;528
Железнодорожный;241403;68927;0.2855266918803826;39;103;37;6950;3;1863
Тобольск;691837;140173;0.20260986330595213;173;536;123;4470;3;1140
Ватутинки (Ленинский район);5801;697;0.12015169798310636;1;25;1;6551;25;697
Истра (Истринский район);183445;28412;0.15488020932704624;35;178;31;5509;5;917
Миасс;22048;5375;0.24378628447024672;4;18;4;6374;4;1344
Тарасовка (Пушкинский район);3769;451;0.11966038737065535;1;9;1;3818;9;451
Красково (Люберецкий район);46357;14171;0.30569277563259056;11;72;8;4603;7;1771
Череповец;22022;3231;0.14671691944419218;10;22;7;2739;2;462
Малаховка (Люберецкий район);99582;12045;0.12095559438452733;38;158;29;2806;4;415
Кстово;20776;1646;0.07922603003465536;8;21;7;3147;3;235
Туапсе;32899;6360;0.19331894586461595;9;38;7;4294;4;909
Обнинск;70194;9388;0.13374362481123742;16;61;14;5028;4;671
Бутово (Ленинский район);70437;9784;0.13890426906313444;11;54;9;6678;5;1087
Долгопрудный (Московская область район);385490;63028;0.1635009987288905;139;627;120;3359;5;525
Дмитров (Дмитровский район);130052;26614;0.20464122043490296;43;224;36;3348;5;739
Тверь;159691;31635;0.198101333199742;42;127;39;4289;3;811
Якутск;47309;9237;0.19524826143017185;9;114;8;6812;13;1155
Руза (Рузский район);16581;2671;0.16108799228032086;6;34;5;2906;6;534
Вологда;52648;13554;0.257445676948792;13;23;12;4677;2;1130
Кашира (Каширский район);21218;3630;0.17108115750777642;10;29;9;2422;3;403
Развилка (Ленинский район);46912;9361;0.199543826739427;11;68;10;4578;6;936
Черкесск;13262;3642;0.27461921278841805;6;13;5;2827;2;728
Кострома;20854;5082;0.24369425529874364;8;26;6;3342;3;847
Дзержинский;8932;954;0.10680698611733094;4;23;4;2426;6;238
Рошаль;1784;721;0.40414798206278024;1;2;1;2084;2;721
Петропавловск-Камчатский;72781;20427;0.2806639095368297;13;62;13;7162;5;1571
Новоглаголево (Наро-Фоминский район);13351;1629;0.12201333233465658;2;18;1;7236;9;1629
Дубна;306322;95251;0.31095056835617424;33;49;33;10482;1;2886
Лесной Городок (Одинцовский район);4976;657;0.1320337620578778;2;2;2;2537;1;328
Беляниново (Мытищинский район);5860;767;0.1308873720136519;1;1;1;6010;1;767
Отрадный;19999;3635;0.1817590879543977;2;2;2;11074;1;1818
Лыткарино (Московская область район);74847;14383;0.19216535064865659;27;92;20;4394;3;719
Зеленоград;80835;16838;0.2083008597760871;10;53;10;9661;5;1684
Элиста;26378;2228;0.08446432633254986;5;26;5;5876;5;446
Ейск;9257;2556;0.2761153721508048;5;12;4;6116;2;639
Наро-Фоминск (Наро-Фоминский район);32568;6176;0.18963399656104152;14;58;12;2666;4;515
Московский (Ленинский район);44240;8188;0.18508137432188065;16;54;8;2881;3;1024
Новоивановское (Одинцовский район);3705;-172;-0.046423751686909584;1;5;1;3754;5;-172
Долгопрудный;5454;364;0.06674000733406674;1;5;1;5503;5;364
Владивосток;48389;9176;0.18962987455826738;12;32;12;4878;3;765
Севастополь;419402;-16749;-0.039935431876815086;68;381;48;7099;6;-349
Архангельское (Красногорский район);9279;2211;0.23827998706757195;2;6;2;4615;3;1106
Чебоксары;67240;11631;0.17297739440809043;15;60;14;4967;4;831
Электрогорск (Павлово-Посадский район);29580;5590;0.1889790398918188;8;49;8;4586;6;699
Фрязино (Московская область район);36998;4571;0.12354721876858209;6;10;5;7505;2;914
Новочеркасск;8820;2742;0.3108843537414966;5;18;3;2464;4;914
Чехов (Чеховский район);53916;6745;0.12510201053490616;22;102;21;2611;5;321
Махачкала;24583;3327;0.1353374283041126;7;50;7;4393;7;475
Чиверево (Мытищинский район);15098;1642;0.10875612663928998;4;25;1;3824;6;1642
Мурманск;63755;13351;0.2094110265861501;14;88;14;5341;6;954
Адлер;31459;2116;0.06726215073587845;5;21;4;6794;4;529
Нахабино (Красногорский район);114009;15944;0.13984860844319308;37;174;30;4200;5;531
Черная (Истринский район);6090;1066;0.17504105090311986;1;16;1;10052;16;1066
Бийск;23667;4650;0.19647610597033843;7;11;7;4010;2;664
ВНИИССОК (Одинцовский район);6037;533;0.08828888520788471;1;28;1;7000;28;533
Апрелевка (Наро-Фоминский район);163083;28828;0.17676888455571702;45;242;20;3887;5;1441
Клушино (Солнечногорский район);11887;2420;0.20358374695045006;1;3;1;11936;3;2420
Великие Луки;5378;1764;0.3280029750836742;2;3;2;3239;2;882
Пятигорск;14323;1681;0.11736368079312993;6;15;6;4128;2;280
Шатура (Шатурский район);77682;11255;0.1448855590741742;26;110;20;3260;4;563
Воскресенское (Каширский район);9767;-393;-0.04023753455513464;4;20;4;2491;5;-98
Камышин;12755;1433;0.11234809878479028;3;13;2;4852;4;716
Нефтекамск;19990;2434;0.12176088044022011;1;1;1;21990;1;2434
Давыдово (Давыдовское с/п) (Орехово-Зуевский район);1230;926;0.7528455284552845;1;1;1;1329;1;926
Выборг;36041;4235;0.11750506367747843;9;34;7;4697;4;605
Серпухов (Московская область район);100458;22047;0.21946485098250015;32;177;26;3479;6;848
Молоково (Ленинский район);23744;7077;0.2980542452830189;4;42;3;7759;10;2359
Сокол;5400;1211;0.22425925925925927;1;1;1;5950;1;1211
Красноуральск;4048;937;0.23147233201581027;2;2;2;2744;1;468
Пушкино (Пушкинский район);45818;12835;0.28013007988126937;9;39;9;6091;4;1426
Георгиевск;15868;1902;0.1198638769851273;3;41;2;6160;14;951
Ступино (Ступинский район);53073;8794;0.16569630508921673;24;82;20;2550;3;440
Юбилейный (Московская область район);120278;22253;0.18501305309366634;38;161;31;3547;4;718
Луховицы (Луховицкий район);16939;3069;0.1811795265363953;8;26;8;2417;3;384
Глазов;8578;1726;0.20121240382373515;2;2;2;5349;1;863
Егорьевск (Егорьевский район);34299;7890;0.23003586110382226;12;25;11;3481;2;717
Мытищи;99246;32766;0.3301493259174173;11;13;11;9022;1;2979
Братск;12088;2760;0.228325612177366;6;19;6;3356;3;460
Михайловка;4800;722;0.15041666666666667;1;11;1;5800;11;722
Лесные Поляны (Пушкинский район);13187;1949;0.14779707287480093;4;42;2;3466;10;974
Муром;39832;5202;0.1305985137577827;8;46;7;5616;6;743
Касимов;6517;1723;0.2643854534294921;1;13;1;8017;13;1723
Магадан;23032;3603;0.15643452587704063;3;19;2;9849;6;1802
Воркута;24122;6954;0.28828455351960863;5;12;5;5724;2;1391
Митино (Волоколамский район);5521;922;0.16699873211374752;3;8;2;3536;3;461
Ларюшино (Одинцовский район);12000;-1578;-0.1315;1;1;1;12450;1;-1578
Соликамск;7172;1393;0.19422755158951477;4;6;3;2543;2;464
Великий Новгород;28872;7166;0.24819894707675255;10;23;10;3957;2;717
Суханово (Ленинский район);1710;210;0.12280701754385964;1;1;1;2010;1;210
Павловский;220788;68791;0.3115703752015508;26;26;26;9006;1;2646
Володарского (Ленинский район);5325;416;0.07812206572769953;2;2;2;2712;1;208
Птичное (Наро-Фоминский район);7102;3100;0.43649676147564065;2;20;1;4376;10;3100
Майкоп;7275;1510;0.20756013745704469;5;27;5;2118;5;302
Новокузнецк;21009;4683;0.22290446951306583;5;33;5;4872;7;937
Ступино (Домодедовский район);274;43;0.15693430656934307;1;3;1;1567;3;43
Заречье (Одинцовский район);24689;2576;0.10433796427558832;7;44;6;3737;6;429
Большое Свинорье (Наро-Фоминский район);22140;4455;0.20121951219512196;1;4;1;35889;4;4455
Норильск;19283;3242;0.1681273660737437;4;5;4;6521;1;810
Кингисепп;10333;200;0.019355463079454176;5;28;4;2617;6;50
Владикавказ;14613;1645;0.11257099842605899;4;12;3;5016;3;548
Мотяково (Люберецкий район);29119;4579;0.15725127923349017;8;45;3;4417;6;1526
Черноголовка (Ногинский район);43836;12337;0.28143534994068803;13;38;12;3741;3;1028
Арзамас;12957;834;0.06436675156286177;5;8;4;3141;2;208
Нижний Тагил;13616;2189;0.16076674500587543;6;10;6;2918;2;365
Юбилейный;848;56;0.0660377358490566;1;1;1;1148;1;56
Находка;7199;4479;0.6221697457980275;1;1;1;9249;1;4479
Голицыно (Одинцовский район);66778;11784;0.17646530294408339;19;76;17;3945;4;693
Коммунарка (Ленинский район);17943;6155;0.3430307083542328;5;27;4;5297;5;1539
Дзержинск;11961;1300;0.10868656466850597;3;12;3;4937;4;433
Кунгур;12451;2911;0.23379648221026422;2;20;2;7954;10;1456
Немчиновка (Одинцовский район);37018;4714;0.1273434545356313;10;79;8;3922;8;589
Сосновоборск;5889;765;0.12990320937340805;1;1;1;6889;1;765
Грозный;24852;-2657;-0.10691292451311765;2;14;2;13426;7;-1328
Гатчина;11573;-624;-0.05391860364641839;3;10;3;4408;3;-208
Купавна (Талдомский район);30453;3695;0.12133451548287524;9;30;7;3877;3;528
Ухта;38308;5919;0.1545108071421113;8;56;7;5457;7;846
Смышляевка (Самарская область);7314;1608;0.21985233798195242;1;6;1;8526;6;1608
Кубинка (Одинцовский район);19061;4792;0.2514033891191438;8;55;6;2697;7;799
Новороссийск;81846;16611;0.20295432886152043;18;143;17;5407;8;977
Ромашково (Одинцовский район);49282;8175;0.1658820664745749;13;80;7;5023;6;1168
Солнечногорск (Солнечногорский район);29018;5604;0.19312151078640843;12;34;9;2718;3;623
Березники;18678;5217;0.27931256023128814;3;33;3;6976;11;1739
Саранск;65287;12298;0.18836828158745234;10;43;10;7358;4;1230
Селятино (Наро-Фоминский район);40457;5406;0.13362335318980645;11;39;10;3872;4;541
Королев;58881;6409;0.10884665681629048;17;78;9;3678;5;712
Монино (Щелковский район);30479;2286;0.07500246071065324;9;43;5;3598;5;457
Петрово-Дальнее (Красногорский район);5849;1025;0.1752436313899812;2;7;2;3199;4;512
Всеволожск;17075;3756;0.21997071742313323;5;14;5;4135;3;751
Усть-Кут;3203;794;0.24789260068685606;1;8;1;4603;8;794
Можайск (Можайский район);36856;8039;0.2181191664857825;21;120;17;2058;6;473
Алапаевск;34267;2666;0.0778007996031167;4;21;2;9208;5;1333
Авиационный (Домодедовский район);9285;1532;0.16499730748519117;4;33;1;3945;8;1532
Сыктывкар;13884;3863;0.2782339383462979;4;12;4;5446;3;966
Мытищи 16 (Мытищинский район);24711;4011;0.16231637732184048;12;76;8;2557;6;501
Грибки (Мытищинский район);29009;5080;0.17511806680685305;2;16;1;14604;8;5080
Железногорск;3449;795;0.23050159466512032;1;1;1;4449;1;795
Сертолово;15072;4916;0.32616772823779194;2;47;2;8561;24;2458
Перхушково (Одинцовский район);1040;241;0.23173076923076924;1;1;1;3889;1;241
ИнтернетДоставка;6064;1506;0.2483509234828496;5;5;1;1213;1;1506
Лобня;424;72;0.16981132075471697;1;3;1;724;3;72
Кореновск;5675;1240;0.2185022026431718;1;4;1;6425;4;1240
Осташков;7405;1033;0.13950033760972316;1;11;1;9445;11;1033
Минеральные Воды;13939;3952;0.28352105602984434;6;32;3;3163;5;1317
Городец;4320;1371;0.3173611111111111;1;2;1;5520;2;1371
Ногинск-5 (Ногинский район);4680;649;0.13867521367521368;3;9;2;3187;3;324
Краснознаменск (Московская область район);5041;971;0.19262051180321366;2;11;1;2570;6;971
Талдом (Талдомский район);7158;1995;0.2787091366303437;3;4;3;2686;1;665
Сергиев;70472;18907;0.26829095243500967;12;13;12;7773;1;1576
Рубцовск;2727;71;0.026035936927026035;1;1;1;3627;1;71
Внуково (Ленинский район);5750;1648;0.2866086956521739;1;1;1;6150;1;1648
Калининград;32129;5765;0.17943291107721995;7;36;7;5701;5;824
Магнитогорск;121468;18546;0.15268218790134028;24;79;23;5450;3;806
Бронницы (Московская область район);45684;6458;0.141362402591717;13;62;10;3876;5;646
Красноармейск (Московская область район);12713;1791;0.14087941477228033;4;23;3;3601;6;597
Старая Купавна (Ногинский район);29161;8310;0.2849696512465279;14;26;12;2990;2;692
Удельная (Раменский район);16566;2538;0.15320536037667512;7;19;4;2416;3;634
Саров;11017;1102;0.10002723064355087;3;4;3;4455;1;367
Ковров;3974;859;0.21615500754906894;2;13;2;2628;6;430
Карпово (Раменский район);380;47;0.12368421052631579;1;2;1;809;2;47
Свердловский (Щелковский район);7992;2405;0.30092592592592593;2;2;2;4045;1;1202
Славянск-на-Кубани;11739;2159;0.18391685833546298;4;20;4;3485;5;540
Кисловодск;9834;1065;0.10829774252593044;2;5;2;5667;2;532
Степаньково (Пушкинский район);5840;1793;0.3070205479452055;2;12;1;3239;6;1793
Белая Калитва;6029;751;0.12456460441200863;2;5;2;3614;2;376
Балаково;32185;4081;0.12679819791828492;7;19;7;4516;3;583
Мебельной Фабрики (Мытищинский район);3675;-799;-0.21741496598639456;1;3;1;3724;3;-799
Коломна-1 (Коломенский район);1096;447;0.40784671532846717;1;3;1;1819;3;447
Нестерово (Раменский район);1905;615;0.3228346456692913;1;2;1;1954;2;615
Биробиджан;5264;1439;0.27336626139817627;1;7;1;8364;7;1439
Туймазы;11888;3257;0.2739737550471063;2;5;2;6894;2;1628
Павловская Слобода (Истринский район);28482;6222;0.218453760269644;4;18;4;7207;4;1556
Семикаракорск;1899;471;0.2480252764612954;1;1;1;2619;1;471
Вешки (Мытищинский район);48671;6031;0.12391362412935834;8;96;4;6484;12;1508
Крымск;10399;1354;0.13020482738724878;4;15;4;2967;4;338
Пущино (Московская область район);13988;1353;0.09672576494137833;4;76;2;3546;19;676
Нижнеудинск;6120;-2001;-0.3269607843137255;1;1;1;7520;1;-2001
Юрлово (Солнечногорский район);36499;8803;0.2411846899915066;1;1;1;38499;1;8803
Абакан;4468;916;0.20501342882721577;2;2;2;2959;1;458
Черкизово (Пушкинский район);6013;1096;0.18227174455346748;2;19;1;3442;10;1096
Зарайск (Зарайский район);3331;-64;-0.019213449414590213;2;3;1;1966;2;-64
Дубровский (Ленинский район);1299;250;0.1924557351809084;1;1;1;1599;1;250
Павлино (Балашихинский район);2100;680;0.3238095238095238;1;1;1;2199;1;680
Невинномысск;12502;1653;0.13221884498480244;2;10;2;7001;5;826
Тосно;6845;1435;0.20964207450693936;2;5;2;4372;2;718
Тимашевск;4316;125;0.02896200185356812;1;1;1;5266;1;125
Дубовая Роща (Раменский район);4260;1606;0.3769953051643192;1;1;1;4309;1;1606
Оболенск (Серпуховский район);1956;742;0.37934560327198363;1;5;1;2406;5;742
Отрадное;7405;2140;0.2889939230249831;1;8;1;7189;8;2140
Ногинск-4 (Ногинский район);2898;394;0.13595583160800553;2;2;1;5696;1;394
Чусовой;9959;2505;0.25153127824078725;2;20;2;6104;10;1252
Маркс;2698;226;0.083765752409192;1;1;1;3648;1;226
Люберцы-2 (Люберецкий район);16218;434;0.02676038969046738;6;24;6;2752;4;72
Мисайлово (Ленинский район);414;55;0.13285024154589373;1;4;1;714;4;55
Ачинск;22118;3565;0.16118093860204358;3;21;2;8715;7;1782
Миллерово;3107;1104;0.3553266816865143;1;3;1;3707;3;1104
Красное Село;2468;438;0.1774716369529984;1;4;1;3018;4;438
Серебряные Пруды (Серебряно-Прудский район);993;307;0.30916414904330314;1;8;1;1042;8;307
Азов;9288;1916;0.2062876830318691;2;13;1;5594;6;1916
Аксай;15739;2151;0.13666687845479383;2;2;2;8594;1;1076
Уссурийск;17990;1145;0.06364647026125625;4;20;4;4920;5;286
1 Мая (Балашихинский район);198;75;0.3787878787878788;1;2;1;2347;2;75
Мильково (Ленинский район);6022;1557;0.2585519760876785;2;4;2;3161;2;778
Нефтеюганск;8965;1009;0.11254880089235918;3;8;3;4072;3;336
Новоорск;8543;1416;0.16574973662647782;2;8;1;5872;4;1416
Сызрань;22865;6128;0.268007872293899;3;7;3;8638;2;2043
Куровское (Орехово-Зуевский район);30505;4252;0.13938698574004263;4;47;4;7725;12;1063
Салават;26767;2562;0.0957148727911234;3;3;3;9856;1;854
Каспийск;12450;6465;0.519277108433735;1;1;1;14950;1;6465
Каменск-Шахтинский;6559;1416;0.2158865680744016;2;7;2;3880;4;708
Тимашёвск;1800;185;0.10277777777777777;1;1;1;2350;1;185
Балашов;19906;4207;0.21134331357379685;2;4;2;11348;2;2104
Тихорецк;4139;523;0.12635902391882098;1;4;1;4889;4;523
Павловская (Краснодарский край);4219;502;0.11898554159753497;1;3;1;4819;3;502
Озеры (Озерский район);6638;848;0.12774932208496534;2;3;2;3688;2;424
Гжель (Раменский район);2248;782;0.34786476868327404;2;3;1;1173;2;782
Румянцево (Истринский район);17481;2747;0.15714203992906584;8;39;3;2651;5;916
Апшеронск;5049;616;0.12200435729847495;1;3;1;5799;3;616
Армавир;5196;622;0.11970746728252502;2;2;2;3148;1;311
Андреевка (Солнечногорский район);6070;835;0.13756177924217464;2;4;2;3060;2;418
Булатниково (Ленинский район);32004;3463;0.10820522434695663;3;62;2;11113;21;1732
Белоярский;26434;232;0.008776575622304607;1;14;1;13347;14;232
Ликино-Дулево (Орехово-Зуевский район);1410;259;0.18368794326241134;1;4;1;1710;4;259
Нальчик;16517;5140;0.3111945268511231;5;15;4;3951;3;1285
Серпухов-11 (Серпуховский район);4745;1654;0.34857744994731293;1;20;1;4248;20;1654
Электроизолятор (Раменский район);1166;271;0.23241852487135506;2;4;1;1562;2;271
Калиновка (Ленинский район);6298;1105;0.17545252461098762;2;13;2;5398;6;552
Павлово (Нижегородская область);5343;810;0.15160022459292533;2;2;2;3222;1;405
Снежногорск;6900;1953;0.28304347826086956;1;9;1;8368;9;1953
Реж;5722;140;0.02446696959105208;1;3;1;7022;3;140
Каменск-Уральский;2900;58;0.02;1;1;1;3550;1;58
Тельмана (Раменский район);2799;550;0.19649874955341193;1;1;1;2848;1;550
Барвиха (Одинцовский район);23821;4352;0.1826959405566517;4;23;4;6112;6;1088
Красный Путь (Домодедовский район);11249;4281;0.38056716152546893;2;2;2;5674;1;2140
Полярные Зори;3706;287;0.0774419859686994;1;7;1;4456;7;287
Загорянский (Щелковский район);13102;2891;0.220653335368646;4;40;3;4050;10;964
Шахты;8835;2020;0.2286361063950198;2;6;2;5018;3;1010
Цимлянск;1560;480;0.3076923076923077;1;1;1;2560;1;480
Некрасовский (Дмитровский район);2197;466;0.21210741920801093;1;13;1;2246;13;466
Зеленодольск;1498;65;0.043391188251001335;1;1;1;2148;1;65
Копейск;1751;319;0.182181610508281;1;7;1;4010;7;319
Лысьва;1699;313;0.1842260153031195;1;1;1;2449;1;313
Рыбинск;6366;988;0.1551994973295633;3;9;3;2622;3;329
Пироговский (Мытищинский район);6189;-521;-0.08418161253837454;3;37;2;2188;12;-260
Юрга;2418;978;0.4044665012406948;1;4;1;3918;4;978
Нягань;12100;2024;0.16727272727272727;1;1;1;24100;1;2024
Михайловск;9129;2712;0.29707525468287876;1;19;1;10079;19;2712
Северодвинск;7660;1837;0.2398172323759791;2;9;2;4930;4;918
Лесосибирск;12726;3632;0.2853999685682854;1;24;1;13726;24;3632
Раменки (Егорьевский район);645;58;0.08992248062015504;1;1;1;694;1;58
Верещагино;1149;101;0.08790252393385553;1;1;1;1869;1;101
Звенигород;8814;1547;0.17551622418879056;1;7;1;9114;7;1547
Быково (Раменский район);2976;965;0.32426075268817206;2;3;2;1537;2;482
Салтыковка (Балашихинский район);3547;435;0.12263884973216803;1;20;1;3697;20;435
Новоалександровск;12043;2753;0.22859752553350493;1;14;1;13843;14;2753
Усинск;6522;1683;0.2580496780128795;3;10;3;3074;3;561
Кировск (Мурманская область);1899;118;0.06213796735123749;1;1;1;2649;1;118
Славянка (Приморский край);28844;7211;0.25;1;1;1;31544;1;7211
Радиоцентр (Балашихинский район);9139;436;0.047707626654995075;1;1;1;9188;1;436
Новокуйбышевск;2090;515;0.24641148325358853;1;2;1;2640;2;515
Сарапул;2948;-963;-0.3266621438263229;1;2;1;3698;2;-963
Токарево (Люберецкий район);4973;-1567;-0.31510154836115023;1;7;1;5123;7;-1567
Газопровод (Ленинский район);1047;-557;-0.5319961795606495;1;3;1;1096;3;-557
Кудиново (Ногинский район);5140;257;0.05;1;18;1;5239;18;257
Лиски;13383;2524;0.18859747440783084;5;16;3;2683;3;841
Красная Пахра (Подольский район);3697;1042;0.2818501487692724;1;3;1;4524;3;1042
Дрожжино (Ленинский район);6870;1532;0.22299854439592431;2;10;2;3480;5;766
Горки Ленинские (Домодедовский район);2836;-392;-0.1382228490832158;2;3;1;1467;2;-392
Татищево (Волоколамский район);2259;49;0.021691013722886232;1;1;1;2308;1;49
Первоуральск;4145;198;0.047768395657418576;1;2;1;4895;2;198
Зеленоградский (Пушкинский район);8411;1881;0.22363571513494235;1;7;1;8460;7;1881
Каневская (Краснодарский край);1210;315;0.2603305785123967;1;3;1;1810;3;315
Веледниково (Истринский район);15284;2660;0.17403820989269825;1;7;1;15333;7;2660
Троицкое (Чеховский район);9006;831;0.09227181878747502;1;11;1;9055;11;831
Кузнецк;4459;1654;0.37093518726171787;1;9;1;5163;9;1654
Волжск;2874;761;0.26478775226165624;1;1;1;3474;1;761
Большие Вяземы (Одинцовский район);3462;1443;0.4168110918544194;1;5;1;4662;5;1443
Гольево (Красногорский район);1463;240;0.16404647983595352;1;9;1;1763;9;240
Сосенки (Ленинский район);5900;1454;0.2464406779661017;2;11;1;4136;6;1454
Первомайское (Наро-Фоминский район);5904;555;0.09400406504065041;2;6;1;3001;3;555
Сколково (Одинцовский район);2418;276;0.1141439205955335;1;4;1;2467;4;276
Балобаново (Ногинский район);8830;1329;0.1505096262740657;1;31;1;7653;31;1329
Покровское (Истринский район);3852;123;0.031931464174454825;1;7;1;3901;7;123
Климовск (Московская область район);1615;853;0.5281733746130031;1;1;1;2615;1;853
Сабурово (Красногорский район);2175;324;0.1489655172413793;1;5;1;2224;5;324
Чулково (Раменский район);3369;-313;-0.09290590679726922;1;1;1;3819;1;-313
Львовский (Подольский район);2999;600;0.20006668889629878;1;1;1;3048;1;600
Воткинск;9872;948;0.0960291734197731;2;52;1;5936;26;948
Авсюнино (Дороховское с/п) (Орехово-Зуевский район);1533;257;0.16764514024787996;1;7;1;1632;7;257
Правдинский (Пушкинский район);6333;2035;0.3213327017211432;3;16;3;4063;5;678
Евпатория;4212;-1202;-0.28537511870845206;1;1;1;5062;1;-1202
Деревня Сосенки ж/к Дубровка (Ленинский район);2152;119;0.055297397769516726;1;8;1;2680;8;119
Кимры;1660;235;0.14156626506024098;1;2;1;2260;2;235
Сосновый Бор;7295;2610;0.3577793008910212;3;5;3;2982;2;870
Киселевск;3304;569;0.17221549636803873;1;6;1;4154;6;569
Николо-Урюпино (Красногорский район);2691;336;0.12486064659977704;1;6;1;2740;6;336
Россошь;4999;2500;0.5001000200040008;1;1;1;5499;1;2500
Тучково (Рузский район);2376;505;0.21254208754208753;1;7;1;2676;7;505
Бердск;8068;2483;0.3077590480912246;1;8;1;9394;8;2483
Бородки (Одинцовский район);7088;1949;0.27497178329571104;1;14;1;5306;14;1949
Сальск;5784;2097;0.362551867219917;1;6;1;6534;6;2097
Ессентуки;4799;960;0.20004167534903106;1;1;1;6299;1;960
Заря (Балашихинский район);2871;644;0.2243120863810519;1;3;1;2920;3;644
Комсомольск;2048;261;0.12744140625;1;2;1;3048;2;261
Партизанск;1772;407;0.22968397291196388;1;41;1;2470;41;407
Шебекино;1672;532;0.3181818181818182;1;1;1;2872;1;532
Горно-Алтайск;6198;2649;0.42739593417231364;1;2;1;7048;2;2649
Дубна -2 (Талдомский район);635;196;0.30866141732283464;1;6;1;684;6;196
Апатиты;2269;517;0.22785368003525783;1;1;1;3019;1;517
Обухово (Ногинский район);4468;699;0.1564458370635631;2;3;2;2394;2;350
Дедовск (Истринский район);3198;577;0.18042526579111945;1;2;1;2649;2;577
Усть-Илимск;2888;205;0.07098337950138504;1;1;1;3608;1;205
Совхоз им Ленина (Ленинский район);3029;1106;0.36513700891383294;1;2;1;7785;2;1106
Есино (Ногинский район);646;55;0.08513931888544891;1;3;1;695;3;55
Заветы Ильича (Пушкинский район);676;138;0.20414201183431951;1;3;1;725;3;138
Мончегорск;7999;5279;0.6599574946868358;1;1;1;8699;1;5279
Выкса;3836;1603;0.41788321167883213;1;5;1;4836;5;1603
Канск;13227;7952;0.6011945263476223;1;3;1;14527;3;7952
Островцы (Раменский район);3476;1089;0.31329113924050633;1;14;1;3870;14;1089
Горки-10 (Одинцовский район);3364;-82;-0.02437574316290131;1;2;1;3814;2;-82
Щербинка;2448;221;0.09027777777777778;1;6;1;2448;6;221
Жилино-1 (Люберецкий район);3488;977;0.2801032110091743;1;6;1;3638;6;977
